Hamlin,
Baader,
Goodwin,
Setup, 
Arante,
Jha,
Brewster,
Vi as,
Ji,
Hill,
Bryar,
Powers,
Johnson,
McClellan,
Farinas,
Paredes,
Brown,
Tracy,
Garcia,
Haile,
Pagsinohin,
Kaur,
Wineland,
Nuttall,
Schoneville,
Owens,
Poston,
van,Rooij
Richter,
Beaty,
Soronio,Jr.
Spencer,
Kinghorn,
Jensen,
Pena,
Duindam,
Brien,
Busk,
Simandl,
James,
Iapalucci,
Kumar,Goud
Khan,
Kadamus,
Lander,
Varia,
Fu,
Hamitouche,
Schmidt,
Scholze,
Norris,
Brown,
Roacho,
Guillaume,
Doak,
Gainey,
Beslinos,
Reis,
Dalton,
Curtis,
Torres,
Webb,
Huijben,
Bakker,
Ruigrok,
Raychowdhury,
Hemingway,
Harris,
Castellanos,
Hassall,
Park,
Rodriguez,
Estira,
Foote,
Chua,
Forbes,
Paolo,Montero
Kavanagh,
Nguyen,
Connor,
Govindaswamy,
Ozuna,
Rinaldi,
Boursiquot,
Ramos,
Saul,
Clayton,
Gheewala,
Beasley,
Kennedy,
Lozano,
John,Ferrer
Abrahm,Sibug
Martin,
Bray,
Bowe,
Hontz,
Anglim,
Durham,
Magno,
Palaniuk,
Bless,
Llewellyn,
Marlon,De
Meijntz,
Mitchell,
,
Murillo,
Knight,
Gasca,
Cobleigh,
Doran,
Botero,
Viljoen,
Rao,
Lawrence,
Forget,
McCain,
Kumar,T
Alfaro,
Norman,
Prendergast,
Brown,
Martin,
James,
Aguirre,
Samaranayake,
Cochran,
Keegan,
Bain,
Alim,
Manley,
Al,Maghrabi
Yoon,
Stumm,
Peddycord,
Cantu,
Domingo,
Bugalski,
Banaticla,
Paul,Balbin
Daguinod,
Mayo,II
Calingasan,
Kniest,
Huijben,
de,Ruiter
Dunn,
Manikonda,
Burke,
Martinez,
Daunais,
Membreno,
Schoolcraft,
Wilhelm,
Oberdank,
Clarke,
Taylor,
Cunningham,
Williams,
Allen,
Horta,
Donath,
Weber,Boersema
Jones,
E,Booth
Bates,
Conlon,
Youngblood,
Garcia,
Butler,
Martins,
Valencia,
Figura,
Cascabel,
Walker,
Sebalda,
Anilkumar,
,Contractor
Grabek,
Rhodes,
Rooney,
Rice,
Polk,
Irish,Nieva
Montross,
Lewis,
Hoang,
Young,
McKeown,
Anderson,
Ferguson,
Allan,
Brown,
Michelle,
Devesa,
Miranda,
Lanes,
Putra,
Laoz,
Suttle,
Lu,
Sherrill,
Endsley,
Banegas,
Secord,
Smith,
Soto,
Henderson,Owens
Brown,
Mann,
Eisner,
Mahfooz,
McGrew,
Namphengsone,
S,Giesler
Ruiz,
Drews,
Sharum,
Maddison,
Hristova,
Rivers,
Rodriguez,
Chavez,Martinez
Ramirez,
Otisi,
Blackwell,
Kuhle,
Stacker,
CREAT,Network
Wood,
Alvarez,
Lane,
Asoka,Sundara
Webster,
Reyna,
Gomez,
Valdivia,
Vasquez Gamez,
Hanberg,
Bridges,
Doobraj,
KLX,AD
Kumar,Srivastava
Papadopolous,
Kuipers,
Fisher,
Reynolds,
Standish,
McCullough,
Bowen,
Q.,Watts
Mitchell,
McAuley,
James,T.
Boyd,
Barillaro,
De,Leon
Fisher,
Thompson,
Adams,
Olinger,
Padilla,
Warren,
Philip,Iplixian
Clements,
Palli,
Nath,Miryala
Agarwal,
Kumar,Srivastava
Kumar,
Mani,
Raja,
Flynn,
Worrall,
Karamihan,
Stapels,
Nafziger,
Pena,
Freeze,
Llanes,
Wells,
Crompton,
Broadnax,
Reddy,
oestereich,
Bubert,
Narvacan,
Lamprea,
Kumar,Pasala
Catherine,B.
Martinez,
Nguyen,
Kong Puga,
Booth,
Bridger,
Tuberville,
Vongsouthy,
Punzalan,
Bermes,
Smith,
Bojorquez,
Sarracino,
Flores,
Dela,Cruz
Lat,
Whitman,
Kant,
Perry,
Perry,
Thode,
Garcia,Weisse
Lewis,
Carpenter,
Bogale,
Verdugo,
Khan,
Coulter,
Stepanenko,
Eble,
Taylor,
Rivadeneira,
Artz,
Tiernan,
Soriano,
Yturralde,
Troyanowski,
Reed,
Tolbert,
Richie,Cuevas
Daganzo,
May,Panares
Jerome,
McClure,
Zamora Akers,
Stewart,
Barnett,
Hoffman,
Dixon,
Pavlovich,
Waghela,
Urbina,
Vigille,
Nolan,
Sharkey,
Simpson,
Lattimer,
Thomas,
Stallard,
Bundy,
Day,
Earnest,
Fitzpatrick,
Barrett,
Crew,
Stahoviak,
Schumann,
Levy,
Nguyen,
Gonzalez,
Faircloth,
Nash,
Johnson,
Coy,
Dunn,
Van,Padillo
Barroga,
Rodriguez,
Phuc,Nguyen
Winkett,
Ruiz,
Henderling,
Todovouv,
Rivas,
Blanco,Izquierdo
Helton,
Spencer,
Spoonemore,
Lohmann,
Gallagher,
Pain,
Ruggiero,
Mustafa,Ahmed
Baum,
Haugh,
Velice,
Nguyen,
Anderson,
Barrera,
Messmer,
Williams,
Wickerling,
Cory,Bales
Thippesha,Madhusidhad
Donato,
Webb,
Fitch,
Smaley,
Skenandore,
Rabeiro,
Mendez,
Howard,
Nguyen,
Couvenhes,
Brown,Morgan
John,Santiago
Andrew,Manansala
Garza,
Haq,
Barrios,
Reformado,
Aswer,
Lambert,
Schoenleber,
Mohr,
Harper,
Bautista,
Crabtree,
Marquez,
Cech,
Wesley,Ray
Mollo,
Medalla,
Haugh,
Thevenin,
Monroe,
Ecalne,
Ortiz,
Ibrahimovic,
Arguello,
Sanchez,
Sanchez,
Ables,
Caballero,
Mahfouz,
Chapman,
Fakourey,
Perkins,
 ,GSD
Ramirez,
Mendiondo,
Jimenez,
Alvarenga,
Rivera,
Magaddino,
Bigler,
Medina,
Chandler,
Hernandez,
Vargas,
Pinckley,
Burgmeier,
Kuecker,
Megill,
Brousseau,
Moeller,
Moeller,
Mistry,
Christina,Redaniel
Ruth,
Enrique,Gomez
Pierce,
Brown,
Nguyen,
Nguyen, 
English,
Ngo,
Shields,
San,Antonio
Nguyen,
Camacho,
Contreras,
Garcia,
Hall,
Hassan,
Le,
Nguyen,
Nguyen,
Reed,
Tran,
Tran,CAREFUL
Tran,
Tran,
Smith,
Griscom,
Thuillier,
Doyle,
Bedgood,
Llamas,
Green,
Lancon,
Paradeza,
Khussainov,
Mohammed,Anis
Sekuar,Ramasubramaniaraja
Borgen,
Hoover,
Grace,
Mariani,
Rosa,Ramirez
Xiaoshu,
Shaw,Bolton
Monson,
Brown,
Iliescu,
Antonio,Ramos
Spates,
Lopez,
Helsinger,
Solan,
Wroblewski,
Themmes,
Donner,
Robinson,
Baker,
Rojas Kauschinger,
Smallwood,
Maturana,
Hames,
Navarro,
Lazo,
Ramos,Chaparro
Sanchez,
Jimenez,
Burzykowski,
Howell,
Freeman,
ESTRADA,
Seemungal,
Hunter,
Ings,
Thomas,
Lattimer,
Bundy,
Stallard,
Noullet,
Zaldivar,
Small,
Torres,
Pearce,
Richards,
Gentle,
Overton,
Moore,
Sisko,
Mills,
Morgan,
Rich,
Prieto,Mendez
Vallejo,
Lebron,
Anastasiadis,
Suarez,
Anderson,
Hancock,
,
Zalewski,
Spence,
Sewell,
Hampton,
O'Leary,
Ussery,
Heilig,
Acosta,Ventura
Ramos,
Flanigan,
Kallsen,
Neff,
Zimmerman,
Heimbach,
Johnson,
Miranda,
Quevedo,
Patterson,
Santana,
Houston,
Allen,
Azcano, 
Logan,
Rodgers,
Wohlueter,
Glenn,
Lewis,
Chambers,
Sands,
Gonzalez,
Lorenzo,
Lopez,
Le,
Palomino,
Reid,
Perez,
Vakili,
Young,
Castillo,
Kumar,
Wasekar,
Reddy�,Nagool
Mash,
Lambright,
Goldstein,
James,Kang
Bachleda,
Delderfield,
Camacho,
McGrath,
Bishop,
Keeling,
Seal,
Burdsall,
Yates,
Veller,
Yatharth,
McCrary,
Fernandez,
Sasson,
O'Connor,
Galano,
Chandler,
Williams,
Lisa,Jimenez
Ann,Kho
O'Shea,
C.,Malibiran
Scott,Howell
Ahmed,
Serano,
Peggy,Buchanan
Bosma,
Allen,
Atherton,
Girouard,
Noble,
Chaudhry,
Schwager,
Swearson,
Shae,
Senel,
Gauntlett,
Trimble,
Roach,
Nicolis,Gonzales
T.,Hall
Grimes,
Thomas,
Parkin,
Bedamsetty,
Prasad,Bachala
Darji,
Magdhum,
Patil,
Chaudry,
Zarkar,
Yadav,
Shaikh,
Dhanasekaran,
Pitale,
Talreja,
Savla,
Bharambe,
Bravin,
Tare,
Patil,
Shukla,
Phattepure,
Shete,
Titus,
OReilly,
Stokes,
Carey,
Sabalsa,
Leyland,
Milloy,
Guzman,
Bowles,
Dailey,
Jordan,
Sokolowski,
Le,Magdelaine
Paul,Yuro
Vie,
Davis,
Wu,
Koch,
Boase,
Mirrieles,Miranda
Hamilton,
Booth,
Freeman,
Dewar,
Atkinson,
Nava,
Morgan,
Sosa,
Pinamonti,
Edelstein,
Walters,
Wheeler,
Chapman,
Hansen,
Moore,
Hoehnen,
Padmanaban,
Velez,
Morejon Morey,
Havens,
Fischer,
Hart,
Walters,
Malphrus,
Morelos,
Ricci,
Casi�as,
Arredondo,
Luo,
Ruiz,
ParkerMeyer,
Swayzer,
Ronquillo,
Secrist,
Puig,
Chapman,
Scales,
Moreno,Alvarez
Harmon,
Kladnick,
Zalewski,
Vega Cuvi,
Lopez,
Graham,
Motz,
Brady,
Hudson,
Lewis,
Gottfredson,
Robinson,
Westhusin,
Ghent,
Sierra,
Lynch,
Coey,
Ducta,
Kennedy,
Alfonso,
Ratcliffe,
Petersen,
Kubert,
Lynn,Koester
Berrios,
Tudon,
Strella,
Dillon,
Hansen,
Stodolak,
Arnold,
Morlan,
Bitner,
Grishkovich,
Presley,Pizzie
Knox,
Urquiaga,
Moreland,
change,username
Stewart,
Whaley,
Kumar,Natarajan
Reyes,
Hill,
Terry,
Hester Lock,
Walker,
Pineda,
Tolbert,
Warren,
Hamilton,
Jimenez,
Reyes,Tundidor
Wolford,
Lynn,Koester
Buckel,
Nastevski,
Wright,
Urquiaga,
Bangalore,Sridhar
Henry,
Scokin,
Giron,
Julian,
Gour,
Voss,
Sigley,
Clayton,
Shillig,
Stover,
Morriston,
Rentz,
A.,Martinez
Ventura,
Tao,
Qadouri,
Bauman,
Carlos,Ramirez
Mowatt,
jayavelu,
Ortega,
Nguyen,
Allen,
Molina,
Frank,
Hanover,
Tipke,
Dawson,
Quigley,
Williamson,
Castillo,
De,Louw
Shen,
Muscolino,
Kim,
Padilla,
Guthrie,
Reyes,
Robinson,
Junaid,
Babcook,
Bill,Sutherland
Yang,
Morera,
Ailes,
Bradbury,
Ouderkirk,
Leabo,
Srinivasan,
Mayoll,
Thomas,
Stobbe,
Escobar,
Kaber,
Baez,
Miller,
Heistand,
Adrian,
King,
Tosca,
McLoughlin,
Antony,Evans
Reed,
Carpenter,
Ferguson,
Leming,
Malagueno,
Elliss,
Paris,
Moore,
Caldwell,
Jaquez,
Fajardo,
Madrid,
Kumar,
Cortes,
,
Howard,
Ziolkowski,
Attreed,
Bojorquez,
Duarte,
Moenkemoeller,
Montoya,
Burgos,
R,Lopez
Kazi,
A,Juarez
D,Graf
Gash,
Benjelloun,
R,Alfaro
Moreno,
Gamez,
Briceno,
Lopez,
Burch,
Garcia Roves,
Herrera,
Vivanco,
Suarez,
Somarriba,
Lugo,
Rodriguez,
Rasool,
Mateo Lara,
Gonsalves,
Jose,Garcia
Galindez,
Fundora,
Florian,
Lopez,
Lyva,Fernandez
Waymer,
Iturriaga,
Martinez,
Ferrer,
Castillo,
Edrisinha,
Borras,
Avellaneda,
Witriw,
Taylor,
Webbon,
Reddick,
Burton,
Poland,
Slaughter,
Raghoonandan,
Kruse,
Cummins,
Coello,Ibarra
John,Harlowe
Meister,
Parti,
Manito,
Andrade,
Rodriguez,
Issaadi,
Cryer,
Miller,
Castro,
Dombek,
Norris,
Richwine,
Hughes,
Williams,
Martinez,
Scott,
Vergara,
Williams,
Kyger,
Haythorn,
O'Berg,
O'Dea,
Hurtado,
Anvia,
Moore,
Hardt,
Zhong,
Kumar,Rajput
Balcazar,
Guest,
Nguyen,
Thongcharoen,
Phung,
Doan,
Q,Nguyen
Nguyen,
Tran,
Nguyen,
Tran,
Banh,
Ramirez,
T,Lac
Nguyen,
Nguyen,
Ramos,
Miller,
Setnicky,
Buchinsky,
Harton,
Chiero,
Buchinsky,
Rangadham,
Rose,
Brannigan,
Contreras,
Pasallo,
Medina,
Truong,
Alvarado,
Rizo,
Handy,
Bitner,
Surridge,
Domingo,
Vu,
Lien,
Patil,
Mbau,
Fava,
Randall,
Montoya,
Howell,
Leyva,Fernandez
Shermenti,
Hanlon,
Jose,Canales
Davis,
Weis,
Hadfield,
Rosell,De
Graney,
Santillo,
Vaughn,
Duvall,
Kumar,Anandan
Butler,
Findley,
McQueen,
Benitez,
Davis,
Green,
Challis,
Lovell,
Hudson,
Seadorf,
Dennis,
Zena,
Panarese,
Mach,
H.,Bathan
Alexandrov,
Sarmiento,
Larry,Dickmann
Wiegand,
Chase,
,
Hubbard,
Yahia,
Lad,
Wheat,
Byron,
Aymonin,
Rutherford,
Wilson,Mathew
Cerio,
Esfeld,
Moe,
Dickinson,
Singh,
Connelly,
DeMarais,
Andino,
Xiong,
Manship,
Strahan,
Patterson,
Taetsch,
Carlos,
Sanders,
Robayo,
Johnston,
Smith,
Francis,
Christopher,Canto
Emperado,
Sanchez,
Showalter,
Sammons,
Grant,
Rivadeneyra,
Brown,
Rivadeneyra,
Robinson,
Brown,
Garcia,
Cicchetti,
Hollins,
Valdez,
Newth,
Hollington,
McNamara,
Simkins,
Allen,
Bream,
Elliott,
Lunsford,
Peters,
Wolstencroft,
Brennan,
Slack,
Jones,
Quilliam,
Hunter,
Jones,
Goldie,
Forrest,
Wood,
Sewell,
Barrett,
Saenz,
Appino,
Patterson,
Liposky,
Dagher,
Hill,
Gutierrez,
Albert,Raj
Paul,Harbaugh
Sherrod,
Medina,
Castillo,
Stunkard,
Mekelburg,
Dave,Metzler
Carvajal,Ramirez
Mulea,
Arnold,
Guermah,
Beatty,
Martin,
Soto,
Valenzuela,
Moore,
Roder,
Antillon,
Woodbridge,
Goldenberg,
Barkwell,
Hawkins,
Sellado,
White,
Loy,Manalo
Mashak,
Michael,
Mayes,
Deuchar,
Tanner,
McPike,
Cavlovic,
Henson,
Nazareth,
Woods,
Brooks,
Vamsi,Krishna
Campbell,
McGarrell,
Cordell,
Evans,
Prosper,
Martin,
Cortez,
Fowler, 
Lewis,
Chris,Reed
Glasmann,
Ogaz,
Mirecki,
Thompson,
Tovar, 
Ginn,
Joplin,
Bell,
Spurgin,
Conciso,
Porter,
Miley,
Bowman,
Smith,
Weimann,
Fortney,
Patino,
Olvera,
Reiser,
Romero,
Behr,
Grell,
Kapoor,
Stallings,
Kwiatkowski,
Richardson,
Richardson,
Juarez,
Andrews,
Rooney,
Keohane,
Clennon,
McDonald,
Kanimetla,
Kelley,
Odevilas,
Debourg,
LAird,
Smart,
Sanchez Berroa,
Flores,Arce
DeLeon,
Baird,
Toro,
Purcell,
Rooney,
Heggarty,
McStay,
Masson,
Torro,
Joshi,
Wang,
Mejia,
Dominey,
Goodson,
Guerrero,
Vila,
Velez,
Espinoza,
Flores,Arce
Wright,
Cooper,
Bhagwat,
Jane,Mallen
Cavitana,
Apuya,
Robinson,
Huntzicker,
Nellas,
McGuire,
M.Medina,
Grobelny,
Arce,
Sarja,
Ertegi,
Correa,
Halla,
Vazquez,
McLoughlin,
Troxell,
Arrington,
Hulin, 
Dickover,
Jordan,
Hill,
Prosper,
Robinson,
Shepard,
Chidambaram,
Goodwin,
Paul,Matira
Jaster,
Reyna,Perez
Stasiuk,
Nalbantoglu,
Kreko,
Burrett,
McPherson,
Criswell,
Akalu,
Moncivais,
Ramos,
Liendo,
Ramos,
Nolte,
Stewart,
Reynolds,
Wicks,
Weintraub,
Vertin,
Shuey,
Lopez,
Whaley,
Chambers,
Rottet,
Verdugo,
Monte,
White,
Junne,D.
Castro,
Ginny,Davis
Sheppard,
Lopez,
Salazar,
Barbosa,
Chavez,
Mansoorshahi,
Clark,
Dark,
Lasseter,
Davalos,
Ramphal,
Wasowski,
Pinaud,
Bowen,
Torres,
Anderson,
Athavale,
Heubisch,
Barbosa,
McCavery,
Orr,
McLoughlin,
McCartan,
Donnelly,
Orledge,
Willgohs,
Cousins,
Cunningham,
Keenan,
McCreanor,
Bygari,
SARGAM,
Creed,
Mirabal,
Spooner,
McDowell,
Kelly,
Gonzalez,Gomez
Oliva,
StJean,
Gonzalez,
Khorram,
Verbos,
Snyder,
Coalson,
Peoples,
Crowell,
Goodsell,
Clayton,
Mendez,
Moore,
Galan,
Taleb,
McComb,
Benjamin,
Wilber,
Torres,
Marie,V.
John,E.
Holmes,
Robinson,
Johnson,
Duncan,
Terry,
Jaramillo,
Speaks,
Baker,
Watson,
Hanbury,
Hill,
B.,Catapang
Lester,E.
M.,Panopio
Christian,Paul
Hoare,
Huber,
Ivanov,
madhukar,Dalvi
Chukwuemeka,
Raamnauth,
Rinehart,
Chintoya,
Guzman,
Kanchi, 
Medidi,�
Prescott,
Strahan,
Donnell,
Brannin,
Lester,Catapang
Flores,
Schl�ter,
Pieri,
Hobbins,
Carpenter,
Wilson,
Atluri,
Oxmar,Ramirez
Rolando,
Jackson,
Argueta Lazo,
Salazar,
B.,Poral
Lilley,
Bruke,
Qi,Hai Jie
Mathu,Spires
Turner,
Calicott,
Rodriguez,
Pitman,
Borras,
Campbell,
Sprouse,
McCann,
Thakur,
Vogt,
Sanchez,
Mendiondo,
De,Armas
Lopez,Sosa
Sampson,
Turner,
Peirce,
Cummins,
Annett,
Scaria,
Dennis,
Gallardo,
Terry,
Tran,
Sparkman,
Denson,
Okunowo,
Rey,Montefalcon
Mensah,
Michael,Munoz
Yerneni,
Whitehead,
Williams,
Bateman,
Talley,
Armas,
Ramos,
Tejeda,
Meager,
Dunn,
Lombos,
Boulven Moore,
Carolina,D.
Munguia,
Crittenton,
Jue,
Carter,
M.,Ilagan
Montes,
McClung,
Prioleau,
Del,Rio
Sanson,
Weimann,
Attridge,
Parker,
Heatrick,
Stevenson,
Clyde,
Patterson,
Anderson,
Mastergeorge,
Neuwirth,
Anthony,Suarez
Allen,
Cline,
Oleen,Andaya
Harper,
Filipponi Beurer,
Zamora Morton,
Mauro,
Llopiz,
Bastille,
Parish,
Scott,Stewart
Hawkins,
Kaltz,
Grant,
"Dunigan,",Deborah
Heaume,
Hester,
Zamora Morton,
Brown,
Howarth,
Mangente,
Dumdumaya,
Navarra,
Lucas,
Cruz,
Smith,
Bouah,
Armstrong,
Smolley,
Rambow,
Schipmann,
Holbert,
Dunigan,
Kesselman,
Olea,
Vaughn,
Paul,
Osterwald,
Trower,
Cao,
Branco,
Trikoilis,
Zuffolato,
O'Byrnes,
Nickolson,
Sanchez,
Kumar,
Bonus,
Liu kneip,
Milliren,
Ruffin,
Shuff,
Reeves,
Worrall,
McAllister,
Gibbs,
Casey,Marnocha
Maldonado,
Wittenborn,
Groff,
Martin,
Cordova,
De,Leon
Buchfeld,
Garza,
Moreno,
Noehren,
Renta,
UNTIL,END
Kildea,
Marasigan,
Barber,
Hollier,
Martinez,
Fish,
Robinson,
Kyle,
Dorame,
Gibbs,
Olivo,
Urbina,
Poka,
Navarrette,
Marshall,
White,
Stoyanuv,
Sima,
Kolarov,
Espinet,
Perez,
M,Alvarez
Duenas,
Mendez,
Garner,
Stopka, 
Murray,
Cranston,
Morgan,
Smith,
Dermy,
Singh,
Hernandez,
Conesa,
DeMaria,
Allie,Buss
Larco,
Clough,
Sandoval,
Gato,Blanco
Alcover,
Sarmiento,
Achoy,
Perdomo,
Dickson,
Lindsay,
Hareb,
Jensen,
Duckworth,
Grullon,
Rodriguez,
Caminero,
Navarro,
Goodie,
Nehm,
Eller,
Nuth,
Rubio,
Evans,
Nasir,
Standley,
Carmichael,
Boniface,
Schmidt,
Pullan,
Remo,
Hoelzl,
Iqbal,
Glover,
Valdez,
Mahomed,
Alemania,
Sanchez,
Huynh,
Molenda,
Pollitt,
Richards,
Foster,
Ainsworth,
Kumar,Kolhar
Subram,Knya
Rg,
Winstanley,
Tayyab,
Lawrence,
Soto,
Simpson,
Kumarr,
Verdugo,
McGuire,
Hinchcliff,
Rosas,
Montoya,
Kreuiter,
Moreno,
Munguia,
Lopez,
Lopez,
Fausto,Rivera
Clamp,
lever,
Smithson,
Singleton,
Dodds,
Phillips,
Dorris,
Greg,
Knight,
McKeown,
Ortega,
Krishna bk,
Hall,
Ali,
Salimath,
Hodkinson,
Lowery,
Ridings,
Rios,
Romero,
Bush,
Conchas,
Ojeda,
Valdez,
Atienza,
Gonzalez,
Cahalane,
Foster,
Rangel,
Romo,
Russell,
Brisendine,
Masson,
Clark,
Thomas,
Leal,
Tate,
Jones,
Castillo,
Jones,
Wilson,
McKeever,
Herrera,
Davis,
Fraser,
Turner,Williams
GONZALEZ,
Bello,
Gee,
Anderson,
Carlos,Castaneda
Rotaru,
Wubben,
Tanner,
Ye,Emily
Moua,
Yergeau,
Weerasinghe,
Diaz,
Wheeler,
Chandler,
Alexis,Navarro
Blackshaw,
Beckwith,
Houser,
Dammar,
Smith,
Bowman,
Saxton,
McCarthy,
Gooden,
Abelha,
McLaughlin,
Ladd,
Ludwig,
Max,Meador
Szokolai,
Kelly,
Long,
Ann,Nuqui
Pulliam,
Hernandez,Gualito
Bohnert,
B.,Patterson
Brown,
Frymier,
Landavazo,
Bardack,
Esparza,
Vang,
Kolodziejski,
Westphal,
Aldrich,
Kildea,
Santana,
Gondoly,
Plourde,
Picazo,
Paguio,
Morfa,
Vinoth,Walter
Hartley,
Bachody,
Gebreyes,
Albert,
Marron,
Delgado,
Vincent,
Spencer,
Martin,
Jensen,
Samano,
Granados,
Joe,Apel
Vazquez,
Getalado,
van,Heydoorn
Williams,
Allam,Siddiqui
Cass,
Eggett,
Hensley,
Anderson,
Parks,
Woods,
Gallego,
Dugle,
Burkley,
Baker,
Guici,
Patton,
Hinojosa,
Nguyen,
Cardona,
Maze,Derfler
Mench,
Villar,
Rajnikath,Shah
Batista,
Cazan,
Martinez,Gomez
Benitez,
Bell,
Adrover,
Elshaw,
Morin,
Padilla,
Parrado,
Perez,
Qualls,
Quintero,
Rocha,
Osborn,
Faupin,
Joel,Demingnou
Wells,
Dorris,
McKweon,
Friday,
Rios Escobar,
Wilson,
Green,
Kerschion,
Iliev,
Russo,
Osterwald,
Stocum,
Tellez,
Soto,Gastelum
Steimle,
Sanchez,
Shack,
Rodriguez,
Juarez,
Kim,
Starks,
Nguyen,
Muhtar,
Sellers,
Lasichanh,
Montilla,
Mingus,
Montano,
Martin,
Lujan,
Lujan,
Lopez,
Lopido,
Lamb,
Knotts,
Jay,
Morgan,
Morentin,
Brecher,
Hardy,
Jay,
Green,
Morgan,
Grant,
McConnell,
Barnett,Brock
Mallett,
Mikesell,
Osburn,
Simpson,
Michelle,Vaughn
Vitug,
Walter,
Segovia,
Segovia,
Bell,
Radymski,
Greaves,
Do,
Delahoussaye,
Del,Rincon
Borquez,
Bonillas,
B.,Ostria
Bavisetti,
Dayalan,
Rajegowda,
Gonzalez,
Johnson,
Contreras,
Wiley,
Leggett,
Buencuchillo,
Campa,
Peper,
Sifuentes,
Carrillo,
Carmichael,
Chacon,Barajas
Cochrane,
Colvert,
Enos,
Escobedo,
Fuentes,
Galvan,
Gastelum,
Gonzales,
Bland,
Patterson,
Razzak,
Owen,
Holden,
Singh,
Kemp,
Binaliyev,
Arriaga,
Bartida,
Armendariz,
Acuna,
Cerqueira,
Starikov,
Montalvan,
Gonzalez,
Perkins,
Dean,Harris
Samano,
Mills,
King,
Milian,
Paggao,
Delfinado,
Monsales,
John,Santiago
Mittentag,
Herbold,
Harmon,
Resto,
Fields,
Galiano,
Winkett,
Clifford,
Pue,
Owens,
Ryton,
Thompson,
Hare,
Ybarra,
West,
Childress,
Polanco,
Rooney,
Williamson,
Magana,
Luu,
Bellamy,
Cammack,
Dotson,
Saint Genies,
Dansby,
R.,Ervin
Sandoval,
Garate Nunez,
Perez,
Osterwald,
Nakad,
Stein,
Rasumani,
Pacheco,
Bender,
Subia,
Jordan,Frere
Daly,
Moreen,
Ozuna,
Farrer,
Laskowski,
Carey,
Miller,
Kriess,
Kolich,
Moore,
Schmidt,
Vice,
Jamison,
Adams,
Perez,
Haire,
Nguyen,
Valdez,
Zamora,
Sabori,
Ramos,
Baur,
Lilly,
Jacobs,
Flowers,
Bowles,
Arbogast,
Wolfe,
Clutter,
Marple,
Brumage,
Morgan,
Vu,
Williams,
Bartlett,
Sauceda,
West,
Rumble,
Rhodes,
Navarro,Perez
Orozco,
Gutierrez,
Garcia,
Ann,Bautista
Escalante,
Enriquez,
Cabrera,
Rodriguez,
Beckwith,
Lamb,
Hall,
Graeber,
Schiffer,
Ngetich,
Moore,
Bergemann,
Garcia,
Hallam,
Estrella,
Chanez,
Moreno,
Cooper,
Coker,
Viator,
DeLeon,
Nario,
Alatraca,
Ramos,
John,Santiago
Tolentino,
P.,Miranda
C.,Delfinado
Holt,
Anderson,
Montano,
Davido,
Morawecki,
Torres,
Pizzella,
Saldana,
Molieri,
Holmes,
Brown,
Wood,
Carter,
Fette,
Greeley,
Viera,
Lopez,
Wilson,
Segovia,
Boudjema,
Robertson,
Cook,
Thompson,
Pupiales,
Stufflebean,
Carter,
Zankich,
Leiss,
Iglesia,
Lauer,
Cognolato,
Story,
Davis,
Bryan,Fischer
Cook,
Velez,
Morales,
Cavalieri,
Guidice,
Rosado,
Chakkrapani,
Lismoras,
Abreu,
Harris,
Simons,
Trujillo,
House,
Hinson,
Perkins,
Adcock,
Turaga,
Bledsoe,
Bailey,
Singh,
Mani,
Van,Veen
Ranck,
Duhamel,
Lemen,
Carrera,
Peters,
Charles,
Reyes,
Jorgensen,
Plummer,
Banker,
Ionescu,
Painting,
Cyrill,Agustin
Simon,
6/25/22013, 
Kalugin,
Arnold,
Sapp,
Cai,
Steve,Perez
Alaniz,
Donn,Hamilton
Gonzalez,
Richardson,
Monroe,
Gunyan,
Falls,
Williams,
Fernandes,
Belanger,
Pierce,
Drew,
Sieck,
Russell,Phipps
Bonati,
Castillo,
Hitt,
Vega,
Schall,
Ferguson,
Fischer,
Harris,
Henke,
Moriel,
Benes,
Olivarria,
Gash,
Perales,
Ramirez,
Cardenas,
Garza,
Juarez,
Kenitzer,
Jimenez,Hernadez
Rocha,
Rowan,
Ornelas,
Kabir,
McCrindle,
Guzman,
Hogendoorn,
van,Burgsteden
Price,
Vega,
Tumpak,
Martin,
Eash,
Vanides,
Kemmann,
Lian,
Ortega,Fres
Cooper,
Griepentrog,
Vailoces,
Langley,
Diaz,
Ahmad,
Chavez,
Richmond,
Knapp,
Elwin,
Werner,
Komanduri,
David,
Zakari,
Hernandez,Leon
Uchman,
Kathrens,
Close,
Latty,
Baylon,
Eaton,
Marcos,
Shakala,
Robayo,
Rusk,
Prout,
Gangidi,
Dion,
Fynn,
Gopalakrishnan,
Lowe,
Sanchez,
Gavino,
Castaneda,
Khalil,
Vazquez,
Demaine,
Oliveira,
Mandak,
Saint,Louis
Robinson,
Napreilla,
"Hall,",II
Wells,
Pasley,
Salvaggio,
Mendenhall,
Saez,
Sinistierra,
Anderson,
D.,Smith
Najera,
Najera,
Hernandez,
Nichols,
Moran,
Gholami,
Branch,
Thompson,
Lambert,
Lauer,
Woodyard,
Harris,
Barrera,Gonzalez
Kevin,Venegas
Cabanilla,
Busto,
Hague,
Lo,
Hauser,
Velasco,
Roening,
Kliemann,
Webb,
Macalalad,
Jucal,
Roy,
Cage,
Garcia,
Shepherd,
Diamante,
Cavanagh,
Champoux,
Leek,
Emery,
Lynch,
Higgins,
Sargious,
Salley,
Alexander,
Hager,
McShane,
Gottesman,
Kisamore,
Buckland,
Jenkins,
Groom,
Marquez,
Schreck,
Bundalian,
Abdul,Qadar
Dale,Southern
Fend,
Leachman,
Armentrout,
Flanary,
Michel,
McCorkhill,
Smith,
Teets,
Whitehair,
Villa,
Shaposhnikov,
Spence,
Achilles,
Andermann,
Moody,
Marrero,
Qi,
Woodard,
Repetta,
Schwartz,
Gotat,
Brunert,
Trejo,
Gonzalez,
Dalton,
Hayle,
Brooks,
Greenfeld,
Lorenzo,
Shockley,
Butler,
Cordero,
Handley,
Strong,
Foster,
George,
Weimer,
Smith,
O�Rourke,
Ancheta,
Coxon,
A.,Carino
Malabanan,
Cruz,III
Intal,
Rabina,
A.,Bringas
Mahan,
M.,Villegas
Vega,
Looper,
Anderson,
Barroso,Martinez
Back,
Jacobs,
Farias,
Sifuentes,
Guzman,
Acosta,
Admasu,
Beito,
McLaughlin,
Cortez,
Corrigan,
McClain,
Harvie,
Palakkal,
Varghese,
Anderson,
Mueller,
Hamblin,
Santacruz,
Mueller,
Soza,
Collazo.,
Hines,
Baker,
Sumanti,
Wright,
Liu,
Harcourt,
Hoyos,
Gregory,
Goodwin,
Back,
Olds,
Jones,
Pack,
San,Angelo
Wells,
Bingaman,
Kaplan,
Foster,
Ramos,
Smith,
Reano,
Burke,
Adam,Margallo
Hamilton,
Dunnuck,
Raymond,
Cowan,
Perrior,
Davies,
Dal,Cin
Pageau,
Medina,
Delgado,
Sarmiento,
Felipe,
Villamarin,
McAlinden,
Rodriguez,
Gil,
Cruz,
Regalado,
Bello,
Alvarez,
Loo,
Torga,
Martinez,
Larco,
Leyva,
Fana,Liranzo
Grant,
Sotolongo,
Carmenaty,
Rivero,
Bonich,
Brocca,
Fearon,
Hanna,
Mark,
Galindo,
Sachleben,
Fugate,
Valle,
Thomas,
Manzanares,
Mathis,
Free,
Martin,
Qualls,
Johnson,Hall
Henley,
Burris,
Bolanos,
Davidson,
Vincent,
McCormick,
Ly,
Martin,
Aston,
Smith Peeples,
Padilla,
Williams,
DeCrow,
Nichols,
Dickinson,
Ellerhorst,
Diaz,Gilart
Miller,
Potasnak,
Hodges,
Mowry,
Baker,
Listrom,
Polanco,
Edwards,
Lechner,
Sisco,
Struble,
Bell,
McCleary,
Kestell,
Ellis,
Cox,
Edwards,
Turner,
Miller,
Ring,
Williams,
Ragland,
Paul,Reyes
Holmes,
Martinez,
Figgs,
Gonzalez,
Kurtanjek,
Berryman,
Robbins,
Nava,
Ward,
Ayyalasomayajula,
Kumar,Medi
PHANI,KRISHNA
Voorakaranam,
Case,
Badugu,
Sinclair,
Pabari,
Johnson,
Valenti,Jr.
McIlroy,
Williams,
De,Klein
Hill,
O'Brien,
Mayne,
Moritz,
Harris,
Gampa,
Copenbarger,
Mote,
Long,
Wear,
Moss,
Seth,Keys
Berry,
Stober,
Kelley,
Gutierrez,
Pizzie,
Heiman,
Schmidt,
Foutch,
Hernandez,
Franco,
Reyna,Perez
Roberts,
Tyler,
Ybarra,
Romo,
Herrera,
Wiggins,
Moore,
Williams,
Brown,
Van,Vuuren
Robinson,
Doublin,
Brown,
Burnham,
Jones,
Zylka,
Pedraza,
Franco,
Romo,
Wiley,
Gomez,
Lucas,
Cleavenger,
Dukate,
Fresby,
Moon,
Jenkins,
Bethel,
Rogerson,
Aguilar,
Wessoleck,
Madhivanan,
Peper,
Musumali,
Rosales,
McVay,
Hartwell,
Sinha,
Griffen,
Mendez,
De,La
Samuel,
Valle,
A.,Rea
Elkins,
Angcanan,
Kaye,Nuyda
Kamminga,
Van,Arman
Goodwin,
Steen,
Dickinson,
Shearman,
WIlliams,
Colvin,
Mitchell,
Morina,
Ramos,
Fierro,
Lopez,
Folsom,
Harris,
Patten,
Orlando,
Darris, 
Soditch,
Rosales,
De,Leon
Morris,
Wright,
Reitzel,
Joy,Cetron
Rodriguez,
Rodriguez,
Ontiveros,
Rodriguez,
Minjarez,
McGee,
Pitts,
Dendy,Sr.
Valkenaar,
Harman,
Malaluan,
Exconde,
Henry,Johnson
Lawson,
Jensen,
Rodriguez,
Goodwin,
Ayes,
Somphone,
Bruckmann,
P.,Doydora
Glenn,
Meachum,
Nykolaishen,
Gonzales,
Centers,
Balvastro,
Romero,
Rosa,Ramirez
Lucia Cordeiro,
King,
Alcoser,
Desfisses,
Dempsey,
Bowen,
Morfoot,
Lopez,
Aldecoa,
Sakamoto,
Santini,
Dean,
Adame,
Barrientes,
DeLa,Pena
Shriver,
Leija,
Steve,Marshall
Greenhalgh,
Selya,
Waldo,
Babusing,Jadhao
Miranda,
J,Strong
Eickmann,
Klempien,
Zimmermann,
Engel,
Arias ,Perez
Zach,Hood
Grande,
Spangenberg,
Murphy,
Jensen,
Sanchez,
Pondelick,
Lewis,
Nance,
Jackson,
Bennet,
Baraschi,
Kochis,
Boeser,
Bu,Gonzalez
Hossain,
Philippe,
Schebler,
Acosta,
Flowers,
Simpson,
Brown,
Bricker,
Rhode,
Bittner,
Camacho,
